customer_id,year_month,nb_transactions,ElasticNet,KNeighborsRegressor,MLP,prediction_aggregated
1001614,2019-10,1,29,5,15,16
1001614,2019-11,1,24,11,8,15
1006880,2019-10,26,94,20,45,53
1006880,2019-11,14,68,16,31,38
1031165,2019-10,19,122,138,140,133
1031165,2019-11,34,106,121,111,113
1031165,2019-12,0,65,81,80,75
1067115,2019-10,132,392,1066,552,670
1067115,2019-11,95,297,157,352,269
1067115,2019-12,63,237,190,242,223
1073325,2019-10,7,54,55,70,59
1073325,2019-11,7,43,56,51,50
1099520,2019-10,5,48,62,51,54
1099520,2019-11,22,60,61,58,59
1099520,2019-12,1,40,1,45,29
1100437,2019-10,9,49,33,34,39
1100437,2019-11,18,54,14,29,32
1100437,2019-12,5,44,5,26,25
1122359,2019-10,22,46,53,48,49
1122359,2019-11,0,32,36,32,34
1132801,2019-10,43,156,162,223,180
1132801,2019-11,31,138,147,178,155
1132801,2019-12,35,126,35,108,90
1150412,2019-10,45,122,94,133,117
1150412,2019-11,20,85,24,92,67
1150412,2019-12,0,54,17,37,36
1181986,2019-10,15,46,1,26,24
1181986,2019-11,0,34,10,9,18
1182581,2019-10,16,50,31,51,44
1182581,2019-11,13,42,25,48,38
1198032,2019-10,16,66,24,59,49
1198032,2019-11,5,55,11,38,35
1198032,2019-12,4,57,8,28,31
1204051,2019-10,18,35,58,46,46
1204051,2019-11,20,40,93,30,54
1207429,2019-10,2,27,17,8,17
1207429,2019-11,2,24,12,2,12
1207429,2019-12,14,32,8,20,20
1208206,2019-10,162,215,196,196,202
1208206,2019-11,116,231,165,212,203
1208206,2019-12,57,185,59,110,118
1224236,2019-10,16,39,137,183,120
1224236,2019-11,0,28,204,98,110
1224236,2019-12,8,42,83,62,63
1225225,2019-10,31,45,8,20,24
1225225,2019-11,19,38,8,21,22
1229662,2019-10,0,26,39,33,33
1229662,2019-11,1,24,40,39,34
1229662,2019-12,0,23,29,11,21
1240419,2019-10,50,105,105,112,108
1240419,2019-11,0,70,81,73,75
1241015,2019-10,154,294,389,447,377
1241015,2019-11,40,202,358,281,280
1241015,2019-12,53,213,310,264,262
1242611,2019-10,1018,2085,2205,1886,2058
1242611,2019-11,1325,2323,2251,1934,2170
1242611,2019-12,932,2010,2418,1726,2051
1261120,2019-10,0,118,97,108,108
1261120,2019-11,1,81,67,56,68
1261120,2019-12,11,52,20,53,42
1288833,2019-10,4,38,9,21,23
1288833,2019-11,8,40,3,16,20
1294802,2019-10,0,24,2,13,13
1294802,2019-11,0,21,5,7,11
1294802,2019-12,15,30,9,10,17
1318863,2019-10,266,597,911,773,761
1318863,2019-11,128,468,474,569,504
1318863,2019-12,79,374,452,379,402
1334313,2019-10,9,41,52,28,40
1334313,2019-11,0,35,12,16,21
1342180,2019-10,218,471,472,566,503
1342180,2019-11,125,389,437,572,466
1342180,2019-12,117,355,250,368,324
1350085,2019-10,0,28,5,0,11
1350085,2019-11,14,36,3,0,13
1354523,2019-10,0,18,10,9,13
1354523,2019-11,4,20,8,8,12
1358340,2019-10,4,37,5,18,20
1358340,2019-11,0,30,6,11,16
1358340,2019-12,9,33,4,16,18
1398818,2019-10,3,60,86,49,65
1398818,2019-11,5,51,57,41,50
1399059,2019-10,24,42,1,28,24
1399059,2019-11,1,26,8,18,18
1408866,2019-10,32,50,103,39,64
1408866,2019-11,2,27,11,9,16
1408866,2019-12,33,49,14,30,31
1425811,2019-10,33,72,213,108,131
1425811,2019-11,0,46,137,77,87
1425811,2019-12,0,58,49,55,54
1432968,2019-10,4,23,14,9,15
1435341,2019-10,134,325,181,333,280
1435341,2019-11,183,347,142,375,288
1435341,2019-12,114,306,153,244,234
1441177,2019-10,1,35,45,39,39
1441177,2019-11,1,42,47,32,40
1441177,2019-12,19,62,14,37,38
1473119,2019-11,1,16,78,0,31
1473119,2019-12,8,18,16,4,12
1481260,2019-10,2,20,25,3,16
1491424,2019-10,19,99,73,106,93
1491424,2019-11,11,79,60,76,72
1491424,2019-12,23,71,31,57,53
1499465,2019-10,9,56,8,52,39
1499465,2019-11,6,51,8,40,33
1499465,2019-12,4,41,7,26,24
1545938,2019-10,7,104,97,137,112
1545938,2019-11,19,89,158,106,118
1545938,2019-12,48,109,99,79,95
1566813,2019-10,4,29,10,30,23
1566813,2019-11,0,24,6,21,17
1566813,2019-12,0,19,4,15,13
1566871,2019-10,16,57,14,50,40
1566871,2019-11,2,45,20,34,33
1594729,2019-10,31,86,46,130,87
1594729,2019-11,23,69,27,90,62
1594729,2019-12,35,85,24,92,67
1609753,2019-10,228,417,334,496,416
1609753,2019-11,311,460,442,492,465
1609753,2019-12,100,316,223,317,285
1618902,2019-10,238,853,410,1356,873
1618902,2019-11,189,739,654,1296,896
1618902,2019-12,212,620,528,875,674
1622936,2019-10,19,64,9,21,32
1622936,2019-11,3,46,9,14,23
1622936,2019-12,0,42,4,8,18
1625205,2019-10,19,65,41,20,42
1625205,2019-11,9,54,33,10,32
1625205,2019-12,2,43,9,11,21
1636465,2019-10,11,24,8,19,17
1636465,2019-11,0,16,15,5,12
1656780,2019-10,14,36,27,28,30
1656780,2019-11,6,24,9,10,14
1682820,2019-10,7,23,5,14,14
1689543,2019-10,42,68,21,63,51
1689543,2019-11,0,38,11,33,27
1695706,2019-10,0,30,16,10,19
1695706,2019-11,0,27,1,7,12
1695706,2019-12,1,22,8,4,11
1745724,2019-10,17,60,74,71,68
1745724,2019-11,9,45,68,48,54
1745724,2019-12,13,44,33,40,39
1752918,2019-10,1,24,4,5,11
1753248,2019-10,61,588,534,411,511
1753248,2019-11,5,385,916,249,516
1753248,2019-12,42,271,204,144,207
1773952,2019-10,43,72,19,37,43
1773952,2019-11,1,42,14,15,23
1778682,2019-10,19,76,49,58,61
1778682,2019-11,6,63,123,53,80
1778682,2019-12,24,60,30,55,48
1782218,2019-10,10,32,29,25,29
1813344,2019-12,12,20,33,12,21
1815058,2019-10,20,60,27,51,46
1815058,2019-11,37,70,30,40,47
1818348,2019-10,12,36,4,20,20
1850553,2019-10,15,67,11,75,51
1850553,2019-11,20,57,12,33,34
1850553,2019-12,0,33,26,17,25
1851014,2019-10,20,55,11,24,30
1851014,2019-11,22,61,16,32,36
1851014,2019-12,1,46,4,23,24
1851285,2019-10,51,95,117,119,110
1851285,2019-11,18,75,97,107,93
1919793,2019-10,40,69,31,63,54
1919793,2019-11,9,48,16,42,35
1919793,2019-12,0,35,32,20,29
1952531,2019-10,49,138,150,180,156
1952531,2019-11,85,164,124,205,165
1952531,2019-12,62,148,145,161,151
1958884,2019-10,5,20,20,9,16
1958884,2019-11,0,14,3,4,7
1961565,2019-10,22,56,33,46,45
1961565,2019-11,27,59,27,41,42
1961565,2019-12,8,46,26,32,35
1963935,2019-10,0,24,13,6,14
1963935,2019-11,3,30,24,8,21
1968660,2019-10,5,62,75,88,75
1968660,2019-11,20,55,61,77,65
1968660,2019-12,23,55,48,66,56
1968965,2019-10,3,74,53,79,69
1968965,2019-11,0,72,39,58,57
1968965,2019-12,0,51,9,29,29
1979368,2019-10,8,80,81,22,61
1979368,2019-11,0,56,47,20,41
1979368,2019-12,1,36,63,39,46
2000177,2019-10,12,38,8,16,21
2000177,2019-11,0,25,2,8,12
2052324,2019-10,14,53,51,46,50
2052324,2019-11,14,46,26,25,32
2052324,2019-12,27,55,15,47,39
2064002,2019-10,3,23,4,0,9
2064002,2019-11,0,17,7,7,10
2064002,2019-12,0,14,20,14,16
2069471,2019-10,2,78,50,42,57
2069471,2019-11,38,91,8,58,53
2099931,2019-10,11,101,128,121,117
2099931,2019-11,59,119,148,133,133
2099931,2019-12,15,75,23,65,55
2113195,2019-10,12,40,29,35,35
2113195,2019-11,3,29,88,17,45
2113195,2019-12,16,36,22,26,28
2118818,2019-10,44,134,69,174,126
2118818,2019-11,12,103,93,157,118
2147563,2019-10,7,148,184,180,171
2147563,2019-11,0,118,146,128,130
2183774,2019-10,21,106,138,138,127
2183774,2019-11,8,78,72,79,76
2183774,2019-12,11,57,42,79,59
2185759,2019-10,19,73,10,76,53
2185759,2019-11,17,59,6,48,38
2185759,2019-12,54,88,12,57,53
2190102,2019-10,21,72,24,33,43
2190102,2019-11,18,73,15,21,36
2210573,2019-10,7,50,17,28,32
2210573,2019-11,28,69,18,35,41
2211812,2019-10,71,120,141,130,131
2211812,2019-11,12,91,53,90,78
2211812,2019-12,12,95,16,59,57
2255097,2019-10,1,29,33,17,26
2255097,2019-11,0,24,23,8,19
2262358,2019-10,57,134,148,190,158
2262358,2019-11,10,91,262,145,166
2282933,2019-10,1,38,144,80,87
2295841,2019-10,11,49,4,44,32
2295841,2019-11,9,47,3,48,32
2295841,2019-12,10,45,10,28,27
2309184,2019-10,75,100,47,113,87
2309184,2019-11,7,56,65,73,65
2309184,2019-12,5,52,32,54,46
2313706,2019-10,3,48,10,8,22
2314210,2019-10,4,25,11,17,18
2314210,2019-11,18,33,17,18,23
2314565,2019-10,24,41,13,29,28
2314565,2019-11,0,25,14,23,21
2326469,2019-10,19,67,26,79,57
2339767,2019-10,28,62,31,58,51
2339767,2019-11,2,38,29,34,34
2340175,2019-10,4,23,20,6,16
2340175,2019-11,2,17,13,4,11
2341888,2019-10,65,182,234,254,223
2341888,2019-11,89,198,174,234,202
2341888,2019-12,25,140,64,164,123
2355621,2019-10,12,47,5,30,27
2359785,2019-10,5,20,15,9,15
2359785,2019-11,0,14,9,2,8
2359785,2019-12,0,12,19,7,13
2360693,2019-10,2,39,8,34,27
2360693,2019-11,24,49,24,36,36
2369619,2019-10,1,30,22,11,21
2369619,2019-11,0,23,17,4,15
2371800,2019-10,8,22,0,12,11
2375746,2019-10,105,182,211,289,227
2375746,2019-11,79,154,174,145,158
2375746,2019-12,9,96,84,70,83
2380506,2019-10,12,41,19,19,26
2383889,2019-10,8,28,6,12,15
2383889,2019-11,0,21,2,7,10
2383889,2019-12,0,18,4,3,9
2395893,2019-10,106,353,464,367,395
2395893,2019-11,126,315,236,422,324
2395893,2019-12,64,267,201,307,258
2423230,2019-10,29,97,32,79,70
2423230,2019-11,14,63,80,131,91
2432043,2019-10,15,40,37,40,39
2432043,2019-11,11,40,34,34,36
2432043,2019-12,6,38,27,24,30
2440293,2019-10,62,109,27,59,65
2440293,2019-11,106,143,44,51,79
2441816,2019-10,1,40,11,22,24
2441816,2019-11,1,29,18,10,19
2441816,2019-12,11,24,22,16,21
2513224,2019-10,12,140,79,165,128
2513224,2019-11,110,204,70,234,170
2518495,2019-10,4,27,3,15,15
2522270,2019-10,0,19,6,0,8
2522270,2019-11,11,26,10,10,16
2537047,2019-10,4,21,9,10,13
2547235,2019-10,8,31,16,5,17
2547652,2019-10,34,58,31,40,43
2547652,2019-11,0,34,3,11,16
2552513,2019-10,23,59,9,19,29
2552513,2019-11,6,47,9,6,21
2552668,2019-10,0,28,6,9,14
2552668,2019-11,7,31,5,6,14
2552668,2019-12,0,23,3,6,10
2566986,2019-10,0,18,0,9,9
2566986,2019-11,6,21,1,11,11
2568579,2019-10,18,34,26,26,29
2568579,2019-11,5,24,6,11,14
2568579,2019-12,1,19,20,13,17
2568638,2019-10,65,95,31,79,68
2568638,2019-11,38,74,26,27,42
2568638,2019-12,18,60,14,34,36
2569112,2019-10,75,198,403,302,301
2569112,2019-11,79,199,379,260,279
2569112,2019-12,9,133,120,101,118
2575375,2019-10,158,232,190,210,211
2575375,2019-11,56,173,147,193,171
2575375,2019-12,28,145,125,148,139
2577278,2019-10,17,102,86,140,109
2577278,2019-11,28,102,90,134,109
2578464,2019-10,241,325,171,216,237
2578464,2019-11,152,310,405,356,357
2578464,2019-12,42,251,307,264,274
2603525,2019-10,0,24,1,13,13
2603525,2019-11,10,31,8,11,16
2603525,2019-12,11,34,12,14,20
2636640,2019-10,1,17,6,9,10
2636640,2019-11,0,14,4,8,9
2654015,2019-10,26,80,24,67,57
2654015,2019-11,22,76,38,77,64
2667560,2019-10,8,51,18,45,38
2667560,2019-11,0,41,0,30,24
2667775,2019-10,9,33,28,35,32
2668742,2019-10,0,28,7,5,13
2668742,2019-11,1,24,1,6,10
2668742,2019-12,8,27,5,13,15
2669576,2019-10,43,87,76,84,82
2669576,2019-11,31,73,51,73,66
2676859,2019-10,9,32,5,18,18
2676859,2019-11,3,25,2,11,13
2676859,2019-12,11,33,12,17,20
2684319,2019-10,39,142,139,160,147
2684319,2019-11,93,175,156,197,176
2684319,2019-12,65,148,67,140,118
2688067,2019-10,396,548,359,268,392
2688067,2019-11,80,347,235,380,321
2688067,2019-12,77,332,209,195,245
2694213,2019-10,15,45,18,41,35
2694213,2019-11,16,45,25,36,35
2720980,2019-10,126,383,421,522,442
2720980,2019-11,113,347,388,588,441
2720980,2019-12,49,260,217,394,290
2764434,2019-10,4,33,6,14,18
2768256,2019-10,7,34,3,20,19
2768256,2019-11,6,27,1,13,14
2768256,2019-12,16,33,18,18,23
2793314,2019-10,0,19,18,15,17
2793314,2019-11,1,16,7,6,10
2801980,2019-10,2,49,11,44,35
2801980,2019-11,22,57,10,46,37
2801980,2019-12,12,45,3,28,26
2806266,2019-10,4,45,40,48,44
2806266,2019-11,0,35,13,26,25
2806266,2019-12,8,33,13,41,29
2806348,2019-10,6,38,6,48,31
2812713,2019-10,17,106,191,112,137
2812713,2019-11,1,80,35,83,66
2812713,2019-12,6,72,62,64,66
2821074,2019-10,5,23,0,12,12
2821074,2019-11,4,21,13,7,13
2821074,2019-12,0,15,0,8,8
2824711,2019-10,7,35,9,32,25
2824711,2019-11,6,30,7,17,18
2824711,2019-12,30,49,8,34,30
2831084,2019-10,4,24,18,12,18
2831084,2019-11,1,20,3,5,9
2849368,2019-10,14,41,40,35,38
2849368,2019-11,17,42,14,30,29
2872694,2019-10,9,57,13,27,32
2872694,2019-11,10,54,24,14,31
2872694,2019-12,77,104,24,39,56
2873718,2019-10,1,34,7,14,19
2873718,2019-11,0,30,6,10,16
2873718,2019-12,5,29,13,11,18
2903015,2019-10,3,26,0,6,11
2903015,2019-11,3,25,3,4,11
2928768,2019-10,3,26,25,18,23
2949579,2019-10,140,151,168,171,163
2949579,2019-11,23,88,43,56,62
2949579,2019-12,0,77,21,22,40
2952325,2019-10,146,293,260,355,303
2952325,2019-11,166,259,294,372,308
2952325,2019-12,115,223,211,192,209
2973978,2019-10,8,27,9,22,19
2981538,2019-10,3,37,23,36,32
2999372,2019-10,4,48,38,44,43
2999372,2019-11,3,34,14,30,26
2999372,2019-12,33,46,33,41,40
3007306,2019-10,89,322,674,502,499
3007306,2019-11,86,261,290,391,314
3007306,2019-12,21,183,280,224,229
3043285,2019-10,0,24,4,5,11
3043285,2019-11,0,21,5,4,10
3043285,2019-12,7,24,6,8,13
3046776,2019-10,3,35,17,16,22
3046776,2019-11,7,36,4,8,16
3054908,2019-10,1,17,7,8,11
3054908,2019-11,2,16,4,4,8
3069157,2019-10,15,46,5,35,29
3069157,2019-11,14,45,6,30,27
3105989,2019-10,39,108,98,138,115
3105989,2019-11,6,76,93,108,93
3105989,2019-12,9,69,74,53,66
3106771,2019-10,4,39,5,12,19
3106771,2019-11,57,75,27,22,42
3106771,2019-12,26,53,43,28,41
3118654,2019-10,0,34,46,38,39
3118654,2019-11,5,30,6,20,19
3124933,2019-10,13,45,67,28,47
3124933,2019-11,22,52,23,21,32
3124933,2019-12,15,48,9,33,30
3162626,2019-10,12,84,24,96,68
3174034,2019-10,15,35,9,24,23
3174034,2019-11,3,25,7,10,14
3174034,2019-12,0,19,13,12,15
3185233,2019-10,0,37,79,42,53
3185233,2019-11,30,59,76,56,64
3185233,2019-12,4,38,25,24,29
3202372,2019-10,0,29,11,16,19
3202372,2019-11,0,20,22,9,17
3202372,2019-12,3,18,5,11,11
3203775,2019-10,24,37,10,21,23
3217827,2019-10,20,71,40,78,63
3217827,2019-11,62,98,39,88,75
3217827,2019-12,16,68,42,41,50
3219760,2019-10,59,250,366,393,337
3219760,2019-11,253,348,433,361,380
3219760,2019-12,108,241,248,273,254
3224600,2019-10,5,47,10,32,30
3225574,2019-10,0,16,1,3,7
3225574,2019-11,11,24,2,7,11
3226498,2019-10,19,56,2,4,21
3226498,2019-11,1,45,1,7,18
3226498,2019-12,18,57,1,34,31
3226914,2019-10,34,84,4,57,48
3226914,2019-11,3,61,18,29,36
3226914,2019-12,13,60,16,20,32
3234405,2019-10,0,22,6,4,11
3234405,2019-11,1,19,2,0,7
3234405,2019-12,0,16,2,6,8
3239073,2019-10,15,50,11,33,31
3239073,2019-11,4,41,11,21,24
3245509,2019-10,6,52,41,68,54
3245509,2019-11,4,45,50,73,56
3247897,2019-10,13,35,7,22,21
3247897,2019-11,2,25,3,13,14
3260587,2019-10,0,26,19,20,22
3260587,2019-11,5,30,9,29,23
3279963,2019-10,2,37,9,10,19
3281066,2019-10,14,77,18,34,43
3281066,2019-11,33,77,42,27,49
3281066,2019-12,23,68,6,9,27
3282204,2019-10,13,27,4,30,20
3282204,2019-11,2,20,9,12,13
3282204,2019-12,0,19,15,8,14
3335667,2019-10,26,59,39,33,43
3345922,2019-10,11,36,51,138,75
3345922,2019-11,22,44,38,0,27
3345922,2019-12,14,39,20,19,26
3359398,2019-10,1,37,35,36,36
3359398,2019-11,0,25,10,10,15
3359398,2019-12,2,19,6,0,8
3362704,2019-10,30,63,29,42,45
3362704,2019-11,6,38,23,18,26
3370359,2019-10,3,38,35,31,34
3370359,2019-11,9,34,37,32,35
3370359,2019-12,8,27,8,20,19
3403487,2019-10,25,73,17,53,48
3403487,2019-11,0,51,12,30,31
3410537,2019-10,4,20,12,20,17
3410537,2019-11,3,19,7,17,14
3410537,2019-12,1,18,8,14,13
3446262,2019-10,4,94,75,60,76
3446262,2019-11,0,79,46,62,62
3446262,2019-12,0,57,35,57,50
3463910,2019-10,0,16,23,5,15
3463910,2019-11,5,18,44,1,21
3463910,2019-12,12,23,8,2,11
3482861,2019-10,1,28,3,8,13
3484188,2019-10,36,74,71,80,75
3484188,2019-11,37,81,55,78,71
3497621,2019-10,13,54,37,57,49
3497621,2019-11,17,43,17,38,33
3497621,2019-12,8,30,15,27,24
3498179,2019-10,16,87,76,99,87
3498179,2019-11,2,59,85,78,74
3498179,2019-12,1,40,46,62,49
3506724,2019-10,246,465,460,388,438
3506724,2019-11,152,395,331,389,372
3506724,2019-12,59,324,235,438,332
3520017,2019-10,0,18,26,9,18
3520017,2019-11,16,29,22,16,22
3537244,2019-10,48,152,349,220,240
3537244,2019-11,42,141,321,199,220
3537244,2019-12,26,122,63,133,106
3542013,2019-10,7,43,39,49,44
3542013,2019-11,2,45,39,46,43
3542181,2019-10,0,29,7,15,17
3542181,2019-11,20,40,39,19,32
3551916,2019-10,18,46,13,9,23
3551916,2019-11,22,55,12,10,26
3602471,2019-10,0,22,17,7,15
3602471,2019-11,5,23,13,5,13
3602471,2019-12,0,17,10,8,12
3606248,2019-10,66,158,257,168,194
3606248,2019-11,24,112,175,156,147
3606248,2019-12,27,93,39,109,81
3634986,2019-10,53,144,119,198,154
3634986,2019-11,65,132,127,154,137
3634986,2019-12,4,77,40,68,62
3637532,2019-10,45,125,138,101,121
3637532,2019-11,118,160,40,84,95
3637532,2019-12,43,114,32,94,80
3706750,2019-10,1,48,41,33,41
3706750,2019-11,18,55,27,31,38
3721624,2019-10,12,52,24,46,41
3721624,2019-11,0,40,26,27,31
3721624,2019-12,0,36,6,28,23
3738908,2019-10,231,506,723,554,594
3738908,2019-11,310,478,378,427,428
3738908,2019-12,219,408,502,296,402
3745019,2019-10,9,55,80,61,65
3745019,2019-11,16,45,18,50,38
3745019,2019-12,6,35,12,42,29
3754535,2019-10,9,62,25,74,54
3754535,2019-11,5,53,27,60,47
3754535,2019-12,6,47,30,43,40
3777289,2019-10,6,32,29,31,31
3777289,2019-11,5,29,24,14,23
3785281,2019-10,1,56,53,65,58
3785281,2019-11,5,59,58,69,62
3786990,2019-10,5,53,25,39,39
3786990,2019-11,0,45,83,29,52
3797222,2019-10,10,47,19,20,29
3797222,2019-11,0,39,4,7,17
3798379,2019-10,31,208,163,253,208
3798379,2019-11,45,199,193,249,214
3798379,2019-12,25,154,144,191,163
3827001,2019-10,12,77,93,108,92
3827001,2019-11,24,67,79,97,81
3827001,2019-12,8,45,56,50,50
3835552,2019-10,4,42,7,13,21
3835552,2019-11,1,34,11,13,19
3841595,2019-10,0,19,8,8,12
3841595,2019-11,0,17,0,2,7
3841595,2019-12,21,30,5,18,18
3841729,2019-10,10,37,24,19,27
3850693,2019-10,4,32,26,20,26
3850693,2019-11,2,27,11,15,18
3850693,2019-12,0,23,4,6,11
3884227,2019-10,7,65,52,41,53
3884227,2019-11,0,54,24,20,33
3896635,2019-10,8,50,33,59,47
3902292,2019-10,25,60,49,42,51
3902292,2019-11,37,63,62,40,55
3902292,2019-12,126,134,84,134,117
3910746,2019-10,7,31,10,12,17
3910746,2019-11,8,32,1,1,11
3910746,2019-12,1,26,2,6,11
3923649,2019-10,2,36,43,37,39
3923649,2019-11,0,27,29,22,26
3926262,2019-10,75,240,215,314,256
3926262,2019-11,107,238,259,283,260
3926262,2019-12,40,164,168,175,169
3937850,2019-10,2,31,1,21,18
3937850,2019-11,3,26,2,12,13
3944257,2019-10,33,74,70,56,67
3944257,2019-11,2,39,4,21,21
3986132,2019-10,4,21,6,11,12
3986132,2019-11,0,15,4,5,8
3986132,2019-12,0,13,4,10,9
3991040,2019-10,24,71,61,66,66
3991040,2019-11,0,51,97,54,67
4007037,2019-10,4,27,16,13,18
4007037,2019-11,9,26,4,8,13
4007037,2019-12,15,29,7,13,16
4008516,2019-10,14,72,88,69,76
4008516,2019-11,28,67,74,62,68
4012847,2019-10,3,28,6,6,13
4012847,2019-11,7,29,2,0,10
4018146,2019-10,0,75,37,58,57
4018146,2019-11,13,69,35,57,54
4050612,2019-10,34,136,20,116,91
4050612,2019-11,105,189,29,123,114
4050612,2019-12,81,187,14,138,113
4082611,2019-10,5,22,12,19,18
4082611,2019-11,5,21,9,17,16
4086644,2019-10,10,68,54,57,59
4086644,2019-11,7,64,12,52,43
4086644,2019-12,0,46,12,22,26
4104271,2019-10,2,34,13,10,19
4108862,2019-10,3,36,13,14,21
4108862,2019-11,6,40,9,19,22
4124481,2019-10,9,29,14,16,20
4124481,2019-11,1,20,3,7,10
4140951,2019-10,6,28,13,23,21
4140951,2019-11,1,20,5,13,13
4186957,2019-10,123,280,152,320,251
4186957,2019-11,39,210,189,261,220
4186957,2019-12,49,199,126,195,173
4211198,2019-10,6,39,11,26,25
4211198,2019-11,18,44,16,25,28
4211546,2019-10,188,1049,571,1006,875
4211546,2019-11,192,977,443,237,552
4211546,2019-12,18,432,390,159,327
4220385,2019-10,2,28,6,6,13
4233997,2019-10,27,72,65,78,72
4233997,2019-11,6,60,28,67,52
4234839,2019-10,10,42,16,19,26
4234839,2019-11,0,35,16,9,20
4275069,2019-10,30,106,48,62,72
4275069,2019-11,0,57,102,44,68
4275069,2019-12,16,52,58,49,53
4300308,2019-10,2,53,49,51,51
4300308,2019-11,56,92,100,97,96
4300308,2019-12,1,46,48,41,45
4306196,2019-10,12,31,10,26,22
4306196,2019-11,0,21,7,13,14
4306196,2019-12,0,18,8,5,11
4316509,2019-10,0,18,63,34,38
4316509,2019-11,3,17,13,171,67
4316509,2019-12,1,12,15,24,17
4339538,2019-10,33,58,33,48,46
4339538,2019-11,22,50,9,35,32
4339538,2019-12,8,41,9,22,24
4344139,2019-10,0,23,39,32,32
4344139,2019-11,0,21,5,3,10
4344139,2019-12,2,20,33,21,25
4347238,2019-10,3,25,16,15,19
4347238,2019-11,3,22,8,9,13
4363353,2019-10,41,118,88,131,113
4382091,2019-10,80,151,32,120,101
4382091,2019-11,88,163,34,99,99
4382091,2019-12,39,132,125,72,110
4402298,2019-10,7,44,43,21,36
4402298,2019-11,10,43,49,23,38
4412215,2019-10,14,116,9,66,64
4412215,2019-11,44,134,5,121,87
4412215,2019-12,16,96,1,96,64
4438764,2019-10,3,34,23,35,31
4443742,2019-10,26,101,68,106,92
4443742,2019-11,7,79,61,94,78
4443742,2019-12,21,85,47,97,76
4448731,2019-10,12,78,40,68,62
4448731,2019-11,34,77,27,56,53
4448731,2019-12,19,59,20,50,43
4451166,2019-10,32,165,196,214,192
4451166,2019-11,36,143,160,178,160
4451166,2019-12,42,123,118,133,125
4453423,2019-10,2,20,12,7,13
4453423,2019-11,11,25,6,2,11
4453423,2019-12,8,24,4,11,13
4474245,2019-10,81,165,171,192,176
4474245,2019-11,131,214,160,160,178
4485327,2019-10,6,61,9,45,38
4485327,2019-11,28,80,3,45,43
4498135,2019-10,8,53,51,52,52
4498135,2019-11,62,95,81,91,89
4498135,2019-12,6,55,40,45,46
4569642,2019-10,9,42,31,7,26
4569642,2019-11,12,39,37,0,25
4569642,2019-12,4,27,33,18,26
4576544,2019-10,5,39,0,9,16
4576544,2019-11,19,45,11,8,21
4576544,2019-12,0,29,11,3,14
4591716,2019-10,42,97,95,117,103
4591716,2019-11,20,73,96,100,90
4604981,2019-10,13,53,1,34,29
4604981,2019-11,29,66,12,27,35
4604981,2019-12,0,42,23,23,29
4607524,2019-10,10,63,79,18,53
4607524,2019-11,21,63,54,30,49
4607524,2019-12,9,53,29,38,40
4610461,2019-11,2,16,3,2,7
4610461,2019-12,10,18,13,10,14
4628788,2019-10,1,51,40,27,40
4628788,2019-11,14,53,89,31,58
4635706,2019-10,1,54,58,71,61
4637178,2019-10,17,33,5,15,18
4637178,2019-11,19,37,1,12,17
4637178,2019-12,2,24,6,5,12
4641340,2019-10,0,42,31,2,25
4641340,2019-11,1,38,4,0,14
4641340,2019-12,0,33,4,5,14
4698011,2019-10,6,29,3,21,18
4698011,2019-11,0,22,3,10,12
4698011,2019-12,1,18,2,12,11
4698888,2019-10,7,34,18,21,24
4698888,2019-11,14,34,2,6,14
4698888,2019-12,4,21,9,7,13
4752845,2019-10,33,84,119,99,101
4752845,2019-11,41,99,126,38,88
4752845,2019-12,3,57,37,15,36
4756446,2019-10,20,171,236,307,238
4756446,2019-11,78,199,218,275,231
4756446,2019-12,46,163,127,223,171
4756752,2019-10,9,48,32,35,38
4756752,2019-11,0,34,16,25,25
4756752,2019-12,9,32,16,22,24
4763064,2019-10,1,35,5,16,19
4763064,2019-11,17,48,10,13,24
4764333,2019-10,15,73,114,83,90
4764333,2019-11,15,58,34,36,42
4764333,2019-12,9,38,15,43,32
4804651,2019-10,74,172,138,206,172
4804651,2019-11,8,112,107,150,123
4804651,2019-12,4,87,101,107,98
4828886,2019-10,22,180,67,205,151
4828886,2019-11,80,208,213,258,226
4828886,2019-12,13,139,100,174,137
4849811,2019-10,9,52,42,41,45
4849811,2019-11,52,90,30,66,62
4849811,2019-12,29,77,21,47,48
4859559,2019-10,13,93,22,75,63
4859559,2019-11,24,88,8,68,55
4859559,2019-12,10,64,9,28,34
4893343,2019-10,437,892,394,910,732
4893343,2019-11,539,828,475,768,690
4893343,2019-12,223,682,552,968,734
4896399,2019-10,11,66,50,61,59
4896399,2019-11,0,40,39,39,39
4896399,2019-12,2,32,38,28,33
4908594,2019-10,7,144,122,234,167
4908594,2019-11,65,146,164,181,164
4908594,2019-12,10,79,71,93,81
4942230,2019-10,103,322,87,232,214
4942230,2019-11,67,241,67,292,200
4942230,2019-12,29,180,79,176,145
5007710,2019-10,17,58,43,84,62
5007710,2019-11,35,72,46,98,72
5007710,2019-12,19,60,51,75,62
5025481,2019-10,0,36,42,31,36
5025481,2019-11,3,27,13,18,19
5027910,2019-10,3,64,100,61,75
5031023,2019-10,5,26,19,5,17
5031023,2019-11,1,21,5,11,12
5041692,2019-10,29,82,119,116,105
5041692,2019-11,17,67,138,95,100
5041692,2019-12,20,79,62,72,71
5042492,2019-10,58,119,87,126,111
5042492,2019-11,51,104,97,93,98
5042492,2019-12,48,99,75,77,84
5049868,2019-10,4,46,5,6,19
5049868,2019-11,4,42,4,10,19
5049868,2019-12,0,35,14,13,21
5069253,2019-10,34,83,98,121,101
5069253,2019-11,18,73,16,65,51
5073416,2019-10,16,57,11,76,48
5073416,2019-11,2,43,10,38,30
5099351,2019-10,6,31,1,26,19
5099351,2019-11,14,33,5,17,18
5102428,2019-10,138,565,829,877,757
5102428,2019-11,83,426,970,637,678
5102428,2019-12,124,404,710,533,549
5117982,2019-10,98,356,175,670,400
5117982,2019-11,343,574,168,1097,613
5117982,2019-12,51,380,85,326,264
5130144,2019-10,1,21,20,24,22
5132823,2019-10,13,76,109,70,85
5132823,2019-11,25,71,76,72,73
5132823,2019-12,3,49,43,47,46
5135621,2019-10,2,18,5,11,11
5141582,2019-10,53,103,142,106,117
5141582,2019-11,81,115,117,101,111
5141582,2019-12,127,190,49,91,110
5152722,2019-10,7,32,21,24,26
5152722,2019-11,18,35,13,12,20
5152722,2019-12,14,42,10,17,23
5158187,2019-10,6,33,15,3,17
5158187,2019-11,0,28,7,14,17
5158187,2019-12,0,24,33,9,22
5160033,2019-10,2,25,5,22,17
5160033,2019-11,10,29,14,16,19
5160033,2019-12,9,25,13,21,20
5183896,2019-10,0,33,16,27,25
5183896,2019-11,0,20,14,7,13
5183896,2019-12,2,18,14,16,16
5188435,2019-10,0,27,11,2,13
5188435,2019-11,18,39,11,8,19
5212525,2019-10,9,41,8,23,24
5240411,2019-10,8,40,56,35,44
5240411,2019-11,3,34,28,23,28
5243101,2019-10,3,41,7,0,16
5243101,2019-11,5,39,7,3,16
5243101,2019-12,0,35,10,13,19
5244095,2019-10,2,63,97,41,67
5244807,2019-10,3,52,3,23,26
5244807,2019-11,1,46,4,27,25
5244807,2019-12,1,39,20,27,29
5260894,2019-10,91,238,239,125,200
5260894,2019-11,19,127,112,116,118
5260894,2019-12,15,100,61,102,87
5279089,2019-10,5,49,6,17,24
5279089,2019-11,16,55,11,8,24
5279089,2019-12,8,46,3,24,24
5286111,2019-10,5,44,42,39,42
5358931,2019-11,47,46,8,26,27
5379211,2019-10,36,91,161,128,127
5379211,2019-11,35,85,104,87,92
5379211,2019-12,16,79,30,50,53
5380286,2019-10,1,32,8,11,17
5380286,2019-11,1,24,8,5,12
5380286,2019-12,1,19,9,7,12
5380606,2019-10,1,41,21,18,27
5380606,2019-11,0,32,3,15,17
5382497,2019-10,2,35,54,44,44
5382497,2019-11,0,35,30,41,35
5382497,2019-12,2,30,21,24,25
5388240,2019-10,0,17,6,8,10
5388240,2019-11,2,17,16,8,14
5391951,2019-10,13,46,22,23,30
5415883,2019-10,0,22,4,21,16
5415883,2019-11,4,23,9,19,17
5415883,2019-12,9,23,17,13,18
5458339,2019-10,2,26,16,6,16
5458339,2019-11,0,23,9,4,12
5473514,2019-10,5,87,77,86,83
5474255,2019-10,6,27,8,6,14
5474255,2019-11,20,41,10,27,26
5474255,2019-12,0,36,2,0,13
5493158,2019-10,0,24,10,15,16
5493158,2019-11,0,21,7,23,17
5493158,2019-12,18,33,6,18,19
5511869,2019-10,0,34,23,26,28
5511869,2019-11,0,24,16,14,18
5511869,2019-12,2,15,5,10,10
5581181,2019-10,65,205,182,211,199
5581181,2019-11,3,127,154,116,132
5581181,2019-12,1,92,154,95,114
5587256,2019-10,3,45,14,23,27
5587256,2019-11,2,42,16,13,24
5587256,2019-12,0,33,4,25,21
5595495,2019-10,18,56,17,41,38
5595495,2019-11,2,44,11,24,26
5606263,2019-10,44,90,45,86,74
5606263,2019-11,134,172,81,148,133
5606263,2019-12,18,103,9,94,69
5638310,2019-10,1,43,6,13,21
5638310,2019-11,20,55,5,9,23
5638310,2019-12,8,48,4,22,24
5667027,2019-10,5,25,11,4,13
5669465,2019-10,30,81,137,85,101
5669465,2019-11,4,51,90,38,60
5669465,2019-12,6,44,32,42,39
5678343,2019-10,63,167,191,247,201
5678343,2019-11,13,114,169,182,155
5678343,2019-12,36,110,33,121,88
5693049,2019-10,32,88,73,110,90
5693049,2019-11,12,59,43,69,57
5693049,2019-12,2,52,32,24,36
5695488,2019-10,18,55,17,38,37
5695488,2019-11,8,46,14,42,34
5737658,2019-10,6,45,17,16,26
5737658,2019-11,0,38,15,21,24
5737658,2019-12,0,33,17,11,20
5746490,2019-10,192,280,342,305,309
5771812,2019-10,0,130,203,190,175
5771812,2019-11,29,115,133,133,127
5797570,2019-10,4,59,26,74,53
5797570,2019-11,7,60,63,68,63
5797570,2019-12,4,54,14,38,35
5809109,2019-10,42,134,89,176,133
5809109,2019-11,45,128,91,137,118
5815586,2019-10,18,53,39,49,47
5815586,2019-11,12,44,25,45,38
5815586,2019-12,4,35,22,33,30
5835643,2019-10,11,26,9,16,17
5835643,2019-11,10,26,9,8,15
5836005,2019-10,3,26,4,11,13
5836005,2019-11,0,21,3,12,12
5855923,2019-10,71,162,136,148,149
5855923,2019-11,159,228,214,220,221
5855923,2019-12,21,132,50,102,95
5859415,2019-10,0,30,10,21,21
5859415,2019-11,1,28,1,11,13
5883356,2019-10,19,40,1,33,25
5883356,2019-11,0,29,24,23,25
5900732,2019-10,0,43,23,33,33
5900732,2019-11,6,34,15,20,23
5941646,2019-10,62,120,38,106,88
5941646,2019-11,12,82,28,89,66
5941646,2019-12,7,65,18,49,44
5967500,2019-10,3,22,15,16,18
5967500,2019-11,2,21,20,14,18
5973754,2019-10,18,52,11,34,32
5973754,2019-11,4,40,3,28,24
6026638,2019-10,107,499,457,15,324
6026638,2019-11,129,457,107,325,296
6026638,2019-12,76,361,97,276,244
6038158,2019-10,40,117,112,158,129
6038158,2019-11,22,100,116,109,108
6062956,2019-10,3,40,13,23,26
6062956,2019-11,0,38,17,15,23
6070462,2019-10,35,86,78,80,81
6070462,2019-11,2,63,38,51,51
6096036,2019-10,150,547,619,381,516
6096036,2019-11,133,506,569,458,511
6096036,2019-12,55,389,596,342,442
6105521,2019-10,20,42,15,39,32
6140272,2019-10,5,34,5,21,20
6140272,2019-11,4,27,17,13,19
6140272,2019-12,9,25,18,16,19
6161283,2019-10,21,49,38,42,43
6165535,2019-10,0,29,1,11,14
6165535,2019-11,0,26,0,8,11
6165535,2019-12,8,30,0,16,15
6168007,2019-10,63,103,103,100,102
6168007,2019-11,56,105,103,104,104
6168007,2019-12,13,79,68,69,72
6169222,2019-10,35,79,55,87,74
6169222,2019-11,10,61,54,62,59
6169222,2019-12,1,55,24,27,35
6170775,2019-10,5,40,72,32,48
6174112,2019-10,1,63,35,42,46
6174112,2019-11,2,53,19,44,38
6174112,2019-12,2,40,24,27,30
6201387,2019-10,8,40,16,18,25
6201387,2019-11,14,42,25,10,26
6206108,2019-10,129,404,497,553,485
6206108,2019-11,80,318,309,333,320
6206108,2019-12,19,220,132,126,159
6213890,2019-10,12,85,80,70,78
6213890,2019-11,8,68,23,49,47
6213890,2019-12,3,53,31,47,44
6223347,2019-10,0,52,38,59,50
6223347,2019-11,10,58,67,41,55
6274444,2019-10,6,26,24,0,16
6274444,2019-11,14,31,4,4,13
6274444,2019-12,0,20,4,12,12
6308763,2019-10,11,36,17,36,30
6308763,2019-11,5,29,16,6,17
6308763,2019-12,2,31,10,4,15
6309447,2019-10,10,113,56,150,107
6309447,2019-11,34,107,63,110,93
6309447,2019-12,1,51,15,35,34
6317963,2019-10,5,34,11,3,16
6317963,2019-11,11,36,12,8,19
6330326,2019-10,37,69,95,89,84
6330326,2019-11,25,58,36,83,59
6330326,2019-12,7,51,27,40,39
6332811,2019-10,0,42,8,15,22
6332811,2019-11,12,54,21,18,31
6332811,2019-12,0,44,12,2,19
6334856,2019-10,1,43,20,38,34
6334856,2019-11,120,140,21,76,79
6334856,2019-12,69,117,16,77,70
6365249,2019-10,65,153,189,234,192
6365249,2019-11,7,102,195,126,141
6367497,2019-10,0,21,7,11,13
6367497,2019-11,2,19,1,10,10
6382534,2019-10,23,60,15,53,43
6385644,2019-10,117,261,235,334,277
6385644,2019-11,126,248,232,259,246
6385644,2019-12,14,137,99,152,129
6425881,2019-10,20,61,12,30,34
6447904,2019-10,20,69,23,79,57
6447904,2019-11,0,54,93,64,71
6447904,2019-12,8,53,63,64,60
6475854,2019-10,0,41,23,28,31
6475854,2019-11,0,31,4,19,18
6475854,2019-12,5,26,8,17,17
6484161,2019-10,0,30,10,31,24
6484161,2019-11,0,22,7,18,16
6484161,2019-12,1,17,5,17,13
6509907,2019-10,19,96,60,101,86
6509907,2019-11,8,89,49,103,80
6509907,2019-12,4,71,59,97,75
6522609,2019-10,9,26,24,11,20
6522609,2019-11,12,29,12,10,17
6522609,2019-12,3,23,7,15,15
6531737,2019-10,3,40,20,41,34
6531883,2019-10,8,32,5,21,19
6533371,2019-10,22,65,53,70,62
6533371,2019-11,9,42,38,36,39
6534144,2019-10,11,60,6,30,32
6534144,2019-11,31,75,19,39,44
6534144,2019-12,8,55,2,14,24
6563658,2019-10,7,59,34,45,46
6563658,2019-11,9,60,29,36,42
6584298,2019-10,1,33,28,15,25
6584298,2019-11,1,28,35,10,24
6584298,2019-12,5,25,4,13,14
6595913,2019-10,19,80,70,87,79
6595913,2019-11,1,50,63,62,59
6595913,2019-12,8,41,28,37,36
6606571,2019-10,6,20,11,5,12
6606571,2019-11,0,14,3,1,6
6610199,2019-10,1,31,9,8,16
6610199,2019-11,0,29,2,2,11
6610199,2019-12,0,26,6,8,13
6616643,2019-10,5,32,27,24,27
6628783,2019-10,51,104,118,155,126
6628783,2019-11,23,77,88,113,93
6628783,2019-12,17,73,86,81,80
6633357,2019-10,5,21,17,4,14
6633357,2019-11,96,95,23,53,57
6633357,2019-12,43,72,9,56,46
6673804,2019-10,6,31,0,13,15
6673804,2019-11,1,25,0,6,11
6688388,2019-10,28,61,22,78,53
6688388,2019-11,17,53,23,56,44
6694632,2019-10,15,38,14,32,28
6694632,2019-11,18,37,36,26,33
6694632,2019-12,2,25,35,15,25
6709871,2019-10,13,82,39,99,73
6709871,2019-11,37,95,63,97,85
6709871,2019-12,20,72,11,77,53
6745258,2019-10,1,33,6,40,26
6745258,2019-11,20,50,66,48,55
6752515,2019-10,18,45,10,29,28
6752515,2019-11,5,38,6,20,21
6752515,2019-12,8,36,14,28,26
6768759,2019-10,2,30,35,26,30
6768759,2019-11,4,28,36,17,27
6768759,2019-12,14,35,17,18,23
6768865,2019-10,37,64,3,40,35
6768865,2019-11,8,46,10,16,24
6780796,2019-10,57,120,85,106,103
6780796,2019-11,49,108,85,94,96
6780796,2019-12,43,99,67,71,79
6849585,2019-10,3,63,15,18,32
6849585,2019-11,14,55,32,6,31
6861385,2019-10,2,31,5,19,18
6861385,2019-11,0,21,4,15,14
6866175,2019-10,114,252,55,200,169
6866175,2019-11,0,162,36,161,120
6866175,2019-12,9,135,112,115,121
6894927,2019-10,0,27,3,37,22
6894927,2019-11,5,30,6,34,23
6894927,2019-12,2,26,8,29,21
6900166,2019-10,56,101,107,106,104
6900166,2019-11,6,73,81,79,78
6900166,2019-12,17,76,45,69,64
6935458,2019-10,1,30,6,16,17
6935458,2019-11,4,28,6,12,15
6964217,2019-10,1,38,14,14,22
6964217,2019-11,12,45,13,24,27
6964217,2019-12,10,42,5,28,25
6996343,2019-10,7,34,13,12,20
6996343,2019-11,0,27,12,9,16
7038742,2019-10,2,32,3,18,18
7038742,2019-11,0,27,6,9,14
7043570,2019-10,20,85,76,111,91
7043570,2019-11,42,105,85,123,104
7043570,2019-12,0,60,76,78,71
7046846,2019-10,5,51,17,12,27
7048674,2019-10,4,57,47,67,57
7048674,2019-11,24,68,31,72,57
7048674,2019-12,6,53,29,44,42
7059704,2019-10,41,133,86,223,148
7059704,2019-11,65,129,94,159,127
7059704,2019-12,35,103,35,84,74
7061865,2019-10,31,69,35,73,59
7061865,2019-11,76,112,13,67,64
7061865,2019-12,0,53,18,23,31
7074957,2019-10,27,67,48,72,63
7074957,2019-11,3,42,24,38,35
7074957,2019-12,18,47,21,38,35
7107013,2019-10,3,52,102,51,68
7107013,2019-11,17,48,34,38,40
7117899,2019-10,1,27,4,5,12
7148646,2019-10,2,18,2,8,9
7207978,2019-10,42,88,88,95,91
7207978,2019-11,17,72,112,64,83
7207978,2019-12,10,61,37,19,39
7214419,2019-10,6,23,6,3,10
7238034,2019-10,14,55,32,46,44
7264127,2019-10,12,32,37,22,31
7271671,2019-10,62,163,213,223,200
7271671,2019-11,11,125,60,189,125
7271671,2019-12,13,114,55,116,95
7309474,2019-10,11,55,17,59,44
7309474,2019-11,12,45,15,34,31
7309474,2019-12,11,37,17,17,24
7318001,2019-10,14,49,30,57,45
7318001,2019-11,1,35,15,31,27
7322972,2019-10,30,71,17,53,47
7338523,2019-10,5,37,36,15,29
7338523,2019-11,12,39,9,21,23
7364846,2019-10,2,64,81,62,69
7364846,2019-11,0,63,106,60,76
7386675,2019-10,11,64,91,79,78
7386675,2019-11,13,59,54,57,57
7386675,2019-12,4,42,41,45,43
7386789,2019-10,6,72,100,73,82
7416360,2019-10,13,36,31,28,32
7416360,2019-11,0,26,11,15,17
7416360,2019-12,0,19,8,9,12
7418990,2019-10,4,24,9,13,15
7443916,2019-10,25,88,78,45,70
7443916,2019-11,19,76,112,63,84
7443916,2019-12,12,66,44,39,50
7447216,2019-11,9,27,6,1,11
7463368,2019-10,13,109,72,31,71
7463368,2019-11,0,94,40,25,53
7463368,2019-12,0,78,25,55,53
7474818,2019-10,2,26,13,0,13
7487731,2019-10,19,45,28,38,37
7487731,2019-11,14,40,24,34,33
7503368,2019-10,9,47,9,29,28
7503368,2019-11,16,54,18,27,33
7523364,2019-10,7,26,6,14,15
7523364,2019-11,4,24,5,8,12
7528506,2019-10,30,43,46,30,40
7528506,2019-11,0,22,7,10,13
7528506,2019-12,13,29,17,17,21
7536495,2019-10,13,25,39,18,27
7536495,2019-11,26,43,31,34,36
7536495,2019-12,6,30,12,18,20
7551928,2019-10,5,21,9,9,13
7551928,2019-11,12,26,5,13,15
7551928,2019-12,15,29,3,7,13
7562679,2019-10,8,43,26,35,34
7562679,2019-11,13,41,26,28,32
7562679,2019-12,4,38,13,24,25
7581616,2019-10,71,116,51,143,103
7581616,2019-11,23,86,64,115,88
7581616,2019-12,27,85,79,79,81
7582586,2019-10,4,47,2,16,22
7582586,2019-11,2,42,1,9,17
7586197,2019-10,34,72,59,61,64
7614360,2019-10,97,153,143,223,173
7614360,2019-11,50,142,124,173,146
7614360,2019-12,10,118,64,104,95
7621018,2019-10,16,96,103,106,102
7621018,2019-11,6,93,115,81,97
7621018,2019-12,4,79,62,69,70
7625417,2019-10,5,50,50,28,43
7625417,2019-11,1,42,62,18,41
7672866,2019-10,11,50,27,40,39
7672866,2019-11,1,39,19,14,24
7672866,2019-12,11,42,13,30,28
7691366,2019-10,2,25,5,17,16
7691366,2019-11,0,18,5,3,9
7707585,2019-10,0,19,35,25,27
7707585,2019-11,122,125,68,94,95
7718439,2019-10,1,17,0,7,8
7720116,2019-10,6,42,16,23,27
7720116,2019-11,12,49,17,19,28
7720116,2019-12,4,42,17,2,20
7752441,2019-10,151,283,244,333,287
7752441,2019-11,25,150,170,210,177
7752441,2019-12,28,116,58,100,91
7756617,2019-10,33,132,74,133,113
7756617,2019-11,18,83,60,96,80
7756617,2019-12,1,50,65,39,51
7770309,2019-10,4,33,9,11,18
7770309,2019-11,0,29,2,2,11
7780387,2019-10,31,57,16,39,37
7780387,2019-11,27,60,28,35,41
7780387,2019-12,0,43,17,15,25
7785882,2019-10,35,145,133,185,154
7785882,2019-11,19,103,89,105,99
7785882,2019-12,4,86,72,74,77
7790619,2019-10,27,92,99,86,92
7790619,2019-11,7,75,62,78,72
7790718,2019-10,4,44,1,29,24
7790718,2019-11,0,38,1,40,27
7799847,2019-10,19,133,125,129,129
7799847,2019-11,20,110,69,91,90
7799847,2019-12,4,78,81,58,73
7802758,2019-10,1,31,11,9,17
7802758,2019-11,29,63,20,24,36
7819951,2019-10,3,22,7,17,15
7819951,2019-11,7,24,5,16,15
7819951,2019-12,2,21,5,15,13
7834605,2019-10,17,43,15,8,22
7862366,2019-10,21,37,10,31,26
7862366,2019-11,12,31,6,16,18
7862366,2019-12,5,25,11,29,22
7866866,2019-10,0,51,55,38,48
7866866,2019-11,15,55,42,33,43
7866866,2019-12,0,37,8,28,24
7868961,2019-10,31,69,15,57,47
7868961,2019-11,0,46,22,22,30
7868961,2019-12,24,56,14,25,32
7880995,2019-10,0,30,17,22,23
7880995,2019-11,3,26,6,15,16
7880995,2019-12,2,18,6,12,12
7885064,2019-10,10,49,37,26,37
7885064,2019-11,4,40,25,17,28
7887107,2019-10,10,37,7,3,16
7887107,2019-11,0,29,9,0,13
7898090,2019-10,49,83,26,90,66
7898090,2019-11,16,52,41,52,48
7898090,2019-12,5,41,21,28,30
7906312,2019-10,2,32,0,13,15
7920219,2019-10,3,48,51,24,41
7920219,2019-11,0,43,77,22,47
7929345,2019-10,3,36,5,14,18
7929345,2019-11,3,30,7,8,15
7939178,2019-10,3,65,51,22,46
7939178,2019-11,2,48,11,15,25
7939178,2019-12,11,45,9,14,23
7940745,2019-10,13,76,134,88,100
7940745,2019-11,19,73,36,42,51
7940745,2019-12,0,54,25,97,59
7947635,2019-10,8,148,74,163,128
7947635,2019-11,7,104,86,78,89
7947635,2019-12,8,96,65,50,70
7984427,2019-10,0,99,65,82,82
7984427,2019-11,10,89,83,94,89
7984427,2019-12,2,84,146,59,96
8002271,2019-10,2,61,26,66,51
8002271,2019-11,10,61,79,40,60
8050114,2019-10,15,75,92,82,83
8050114,2019-11,6,64,80,63,69
8050114,2019-12,8,55,18,47,40
8075707,2019-10,0,42,23,23,30
8075707,2019-11,14,53,25,28,36
8075707,2019-12,0,42,7,6,18
8102985,2019-10,3,89,95,83,89
8102985,2019-11,8,83,50,56,63
8102985,2019-12,9,75,45,46,55
8109494,2019-10,0,21,25,6,17
8109494,2019-11,8,24,4,3,10
8132113,2019-10,26,56,3,11,23
8132113,2019-11,15,52,23,9,28
8132113,2019-12,2,41,4,17,21
8150419,2019-10,15,47,34,34,38
8150419,2019-11,5,35,5,9,16
8150419,2019-12,2,30,4,33,22
8178418,2019-10,1,21,6,15,14
8178418,2019-11,2,22,5,13,13
8178418,2019-12,1,18,9,11,13
8196085,2019-10,43,72,80,84,79
8196085,2019-11,6,48,43,56,49
8214053,2019-10,12,64,82,69,72
8214053,2019-11,0,55,41,65,54
8214053,2019-12,2,46,60,63,56
8221109,2019-10,9,28,16,16,20
8221109,2019-11,0,19,8,5,11
8221569,2019-10,4,32,25,16,24
8221569,2019-11,0,23,11,10,15
8221569,2019-12,0,19,4,5,9
8221751,2019-10,0,31,10,21,21
8221751,2019-11,19,42,4,5,17
8222110,2019-10,12,40,15,10,22
8222110,2019-11,22,44,4,0,16
8222110,2019-12,28,46,2,11,19
8241949,2019-10,1,19,12,20,17
8241949,2019-11,0,17,7,18,14
8241949,2019-12,0,16,21,17,18
8244710,2019-10,121,256,399,391,349
8244710,2019-11,35,187,415,270,291
8244710,2019-12,39,164,138,199,167
8247935,2019-10,29,74,61,75,70
8247935,2019-11,22,72,34,63,56
8252782,2019-10,4,38,6,18,21
8252782,2019-11,6,32,9,9,17
8252782,2019-12,0,25,17,10,17
8255953,2019-10,11,76,79,55,70
8255953,2019-11,7,73,11,47,44
8280665,2019-10,10,39,7,9,18
8280665,2019-11,7,34,17,29,26
8302040,2019-10,24,65,20,60,48
8302040,2019-11,26,65,20,41,42
8302040,2019-12,1,44,11,18,24
8320026,2019-10,14,51,60,49,53
8320026,2019-11,16,45,45,37,42
8320026,2019-12,4,31,36,19,29
8327629,2019-10,92,221,157,309,229
8327629,2019-11,80,217,148,238,201
8327629,2019-12,32,185,152,122,153
8357133,2019-10,7,30,9,8,16
8357133,2019-11,0,23,5,3,11
8362411,2019-10,4,31,3,12,15
8362411,2019-11,15,39,5,17,20
8362411,2019-12,25,48,8,23,26
8381252,2019-10,0,22,9,11,14
8381252,2019-11,5,23,10,8,14
8381252,2019-12,2,18,10,10,13
8382909,2019-10,8,24,5,17,15
8382909,2019-11,0,18,15,10,14
8382909,2019-12,1,17,5,9,10
8390414,2019-10,10,37,5,30,24
8390414,2019-11,9,29,4,13,15
8390414,2019-12,16,31,11,15,19
8396761,2019-10,0,25,20,26,23
8396761,2019-11,2,24,19,19,21
8396761,2019-12,4,23,5,14,14
8406268,2019-10,302,476,456,418,450
8406268,2019-11,196,385,358,371,371
8406268,2019-12,261,451,348,367,389
8423024,2019-10,15,81,41,67,63
8423024,2019-11,2,67,35,42,48
8423804,2019-10,47,490,844,493,609
8423804,2019-11,82,454,791,448,564
8423804,2019-12,26,315,432,253,333
8427355,2019-10,0,21,2,4,9
8427355,2019-11,0,18,5,3,9
8427355,2019-12,2,17,4,7,9
8438580,2019-10,0,30,23,0,17
8438580,2019-11,2,29,16,0,15
8465588,2019-10,86,204,302,283,263
8465588,2019-11,111,224,304,247,258
8465588,2019-12,19,175,228,194,199
8497770,2019-10,4,33,7,25,22
8508123,2019-10,3,29,12,2,14
8508123,2019-11,0,25,12,3,13
8509739,2019-10,0,23,8,4,12
8509739,2019-11,0,21,17,4,14
8509739,2019-12,4,22,8,10,13
8516453,2019-10,0,16,1,1,6
8516453,2019-11,1,15,1,1,5
8516453,2019-12,0,12,3,8,7
8517552,2019-10,18,63,22,50,45
8517552,2019-11,38,78,26,36,46
8517552,2019-12,11,58,11,30,33
8528382,2019-10,0,21,5,8,11
8528382,2019-11,1,17,5,6,9
8528382,2019-12,4,16,7,5,9
8548741,2019-10,8,45,29,18,31
8548741,2019-11,0,36,17,0,18
8580462,2019-10,0,26,3,7,12
8580462,2019-11,0,25,17,2,15
8580462,2019-12,2,24,6,2,11
8584355,2019-10,85,133,110,133,125
8584355,2019-11,31,102,66,130,99
8585805,2019-10,10,49,30,18,32
8585805,2019-11,3,43,10,2,18
8601659,2019-10,5,23,19,4,15
8603939,2019-10,12,34,18,17,23
8603939,2019-11,0,25,6,7,12
8603939,2019-12,3,24,7,7,13
8625312,2019-10,34,40,81,51,57
8625312,2019-11,0,24,55,37,39
8644484,2019-10,0,16,1,8,8
8644484,2019-11,3,17,4,5,9
8649525,2019-10,263,1395,2277,1506,1726
8649525,2019-11,300,1124,1843,751,1239
8649525,2019-12,511,1115,1619,980,1238
8649640,2019-10,3,44,3,27,25
8649640,2019-11,1,36,6,17,20
8667290,2019-10,22,75,55,82,71
8667290,2019-11,3,58,33,44,45
8669455,2019-10,6,32,8,15,18
8669455,2019-11,12,31,10,13,18
8669455,2019-12,4,22,12,13,16
8678208,2019-10,1,29,16,0,15
8678208,2019-11,0,26,19,0,15
8697678,2019-10,6,31,2,5,12
8697678,2019-11,1,25,2,2,10
8714192,2019-10,16,141,87,130,119
8714192,2019-11,28,125,89,123,112
8714192,2019-12,3,81,75,88,81
8729970,2019-10,3,28,3,7,13
8743937,2019-10,27,41,36,39,39
8761242,2019-10,1,27,54,13,31
8761242,2019-11,2,25,9,7,14
8773337,2019-10,9,56,6,37,33
8811997,2019-10,26,95,91,90,92
8811997,2019-11,42,98,60,93,84
8811997,2019-12,11,72,17,57,49
8816470,2019-10,25,33,8,28,23
8816470,2019-11,12,22,11,9,14
8816470,2019-12,3,20,7,20,16
8822663,2019-10,57,124,78,100,101
8822663,2019-11,56,115,43,148,102
8822663,2019-12,18,87,39,54,60
8823444,2019-10,9,28,10,32,23
8823444,2019-11,59,67,18,58,48
8827094,2019-10,5,69,138,105,104
8827094,2019-11,0,61,161,77,99
8827094,2019-12,1,62,31,54,49
8829971,2019-10,9,39,79,43,54
8829971,2019-11,7,37,71,43,51
8863476,2019-10,1,41,24,13,26
8863476,2019-11,0,32,13,16,21
8874983,2019-10,2,46,47,37,43
8874983,2019-11,3,32,20,19,23
8882803,2019-10,1,31,7,3,14
8882803,2019-11,0,27,6,2,11
8882803,2019-12,2,24,4,11,13
8884043,2019-10,2,28,2,10,14
8884043,2019-11,2,27,6,6,13
8884043,2019-12,1,26,0,14,13
8886826,2019-10,42,102,58,105,89
8886826,2019-11,7,70,53,52,58
8886826,2019-12,9,63,14,42,40
8888965,2019-10,6,40,6,5,17
8888965,2019-11,11,42,21,2,22
8909846,2019-10,0,37,0,1,13
8909846,2019-11,28,58,1,9,23
8909846,2019-12,4,43,10,18,24
8916675,2019-10,12,59,37,64,53
8916675,2019-11,45,71,26,57,51
8916675,2019-12,8,42,23,36,34
8936259,2019-10,41,91,37,100,76
8936259,2019-11,34,78,21,69,56
8940157,2019-10,8,102,135,78,105
8940157,2019-11,18,82,70,51,68
8940157,2019-12,111,142,46,67,85
8941600,2019-10,159,244,200,278,241
8941600,2019-11,84,187,188,207,194
8941600,2019-12,56,171,82,173,142
8960262,2019-10,10,54,74,71,66
8960262,2019-11,20,54,66,63,61
8960262,2019-12,12,45,37,44,42
8962897,2019-10,84,259,307,407,325
8962897,2019-11,26,168,300,241,236
8962897,2019-12,24,137,100,188,141
8966532,2019-10,27,76,28,66,56
8966532,2019-11,39,82,34,70,62
8967546,2019-10,50,86,88,109,94
8967546,2019-11,12,61,87,82,77
8967546,2019-12,10,56,27,44,42
8972999,2019-10,9,73,53,90,72
8972999,2019-11,30,87,75,93,85
8974072,2019-10,42,100,106,122,109
8974072,2019-11,56,100,103,86,96
8974072,2019-12,3,60,17,45,41
8981932,2019-10,14,96,54,127,92
8981932,2019-11,32,101,91,95,96
8981932,2019-12,13,76,27,69,58
8990969,2019-10,26,73,102,83,86
8990969,2019-11,1,50,66,36,51
8992880,2019-10,42,68,16,59,48
8992880,2019-11,10,45,13,43,34
8995696,2019-10,16,50,59,32,47
8995696,2019-11,6,41,36,21,33
8995696,2019-12,0,27,22,18,23
8999141,2019-10,4,20,14,10,14
9000905,2019-10,2,35,31,44,37
9000905,2019-11,0,29,22,38,30
9000905,2019-12,13,35,14,29,26
9024939,2019-10,1,34,10,13,19
9024939,2019-11,0,29,43,11,28
9037039,2019-10,5,28,10,19,19
9037039,2019-11,0,22,5,17,15
9049512,2019-10,79,326,739,514,526
9049512,2019-11,205,387,477,570,478
9049512,2019-12,67,286,205,323,271
9055959,2019-10,10,52,0,34,29
9055959,2019-11,0,45,0,21,22
9055959,2019-12,1,40,2,4,16
9060305,2019-10,7,122,105,141,122
9060305,2019-11,11,103,69,104,92
9065995,2019-10,156,374,554,656,528
9065995,2019-11,129,333,440,537,437
9065995,2019-12,36,250,90,186,175
9117679,2019-10,7,29,21,23,24
9117679,2019-11,17,36,31,19,29
9131370,2019-10,1,36,23,21,27
9131370,2019-11,57,77,40,69,62
9163813,2019-10,52,117,91,137,115
9163813,2019-11,66,124,87,127,112
9163813,2019-12,35,110,46,95,83
9210977,2019-10,2,26,3,11,13
9210977,2019-11,0,23,5,5,11
9260124,2019-10,5,35,13,21,23
9260124,2019-11,0,21,13,11,15
9260124,2019-12,1,18,21,10,16
9265046,2019-10,1,37,23,26,29
9265046,2019-11,1,31,27,19,26
9288643,2019-10,4,48,33,40,40
9288643,2019-11,0,41,27,27,32
9290571,2019-10,10,25,17,17,19
9290571,2019-11,0,17,7,3,9
9318538,2019-10,101,320,369,426,372
9318538,2019-11,34,260,481,274,339
9318538,2019-12,23,184,288,122,198
9324768,2019-10,17,57,69,38,54
9324768,2019-11,55,80,26,50,52
9324768,2019-12,4,44,26,21,30
9337548,2019-10,3,42,12,28,27
9337548,2019-11,0,41,19,19,26
9341302,2019-10,45,132,120,158,137
9341302,2019-11,69,133,159,148,147
9341302,2019-12,56,118,49,114,94
9346906,2019-10,15,78,53,62,64
9346906,2019-11,10,61,66,46,58
9346906,2019-12,3,38,22,39,33
9353281,2019-10,28,55,11,48,38
9356162,2019-10,1,42,1,14,19
9356162,2019-11,0,34,1,8,14
9356162,2019-12,0,30,0,0,10
9360266,2019-10,15,64,67,79,70
9360266,2019-11,11,41,8,44,31
9360266,2019-12,6,29,14,22,22
9360481,2019-10,0,54,54,55,55
9360481,2019-11,11,36,45,33,38
9401556,2019-10,2,20,24,13,19
9401556,2019-11,0,18,10,11,13
9403123,2019-10,36,81,50,94,75
9403123,2019-11,5,50,48,55,51
9403123,2019-12,14,51,29,42,41
9411341,2019-10,52,104,101,116,107
9411341,2019-11,46,103,87,114,101
9443427,2019-10,13,53,68,51,57
9443427,2019-11,89,114,59,105,93
9443427,2019-12,25,74,40,56,57
9447359,2019-10,0,56,97,88,80
9447359,2019-11,68,104,89,118,104
9447359,2019-12,31,77,26,83,62
9473504,2019-10,0,21,19,15,18
9473504,2019-11,9,24,19,12,18
9473504,2019-12,1,17,6,9,11
9475966,2019-10,0,18,2,4,8
9475966,2019-11,1,15,11,3,10
9475966,2019-12,0,12,17,7,12
9503048,2019-10,21,88,132,121,114
9503048,2019-11,24,70,73,103,82
9503048,2019-12,7,55,55,48,53
9537247,2019-10,3,31,12,11,18
9537247,2019-11,0,24,8,6,13
9537247,2019-12,0,20,9,4,11
9551370,2019-10,45,130,126,176,144
9551370,2019-11,31,94,94,115,101
9551370,2019-12,17,72,36,67,58
9553202,2019-10,25,89,72,91,84
9553202,2019-11,0,61,66,52,60
9553202,2019-12,9,53,40,35,43
9567470,2019-10,1,19,13,10,14
9567470,2019-11,1,16,5,5,8
9578191,2019-10,2,37,12,10,20
9578191,2019-11,0,32,14,8,18
9578843,2019-10,5,62,24,63,50
9578843,2019-11,56,106,45,83,78
9578843,2019-12,20,76,22,48,49
9597987,2019-10,49,86,28,69,61
9597987,2019-11,28,75,49,52,59
9608131,2019-10,11,102,106,89,99
9608131,2019-11,5,93,126,94,104
9608131,2019-12,0,73,52,73,66
9609324,2019-10,27,75,50,87,71
9609324,2019-11,17,51,42,49,47
9609324,2019-12,11,36,25,23,28
9618217,2019-10,32,128,141,139,136
9618217,2019-11,50,139,83,134,119
9618217,2019-12,58,139,77,123,113
9639989,2019-10,8,34,25,17,26
9662286,2019-10,16,27,28,21,26
9662286,2019-11,2,16,11,3,10
9662286,2019-12,0,12,17,7,12
9668440,2019-10,21,84,48,96,76
9668440,2019-11,18,75,50,63,63
9679391,2019-10,23,64,96,66,75
9679391,2019-11,7,47,60,51,53
9706286,2019-10,11,40,33,37,37
9706286,2019-11,27,51,27,52,43
9706286,2019-12,12,42,24,27,31
9710961,2019-10,98,270,483,401,385
9710961,2019-11,145,287,527,374,396
9710961,2019-12,92,243,365,289,299
9737931,2019-10,9,45,18,41,35
9737931,2019-11,14,53,14,38,35
9746004,2019-10,0,43,53,46,47
9746004,2019-11,14,52,30,48,43
9746004,2019-12,9,50,13,42,35
9763081,2019-10,27,59,35,49,48
9763081,2019-11,24,57,40,44,47
9763081,2019-12,12,50,24,24,33
9766659,2019-10,1,41,0,22,21
9782315,2019-10,1,44,16,29,29
9782315,2019-11,0,38,8,19,22
9782315,2019-12,4,38,23,16,26
9793939,2019-10,5,83,87,82,84
9811305,2019-10,113,383,512,437,444
9811305,2019-11,76,293,410,381,361
9811305,2019-12,25,205,207,228,213
9823407,2019-10,21,49,27,48,41
9823407,2019-11,11,47,30,47,41
9823407,2019-12,28,59,26,46,44
9831946,2019-10,12,61,34,49,48
9843137,2019-10,66,152,194,193,179
9843137,2019-11,133,204,178,238,207
9843137,2019-12,25,132,102,124,119
9853501,2019-10,1,18,9,9,12
9853501,2019-11,5,18,8,6,11
9886926,2019-10,6,27,20,19,22
9886926,2019-11,19,40,20,21,27
9896604,2019-10,1,23,4,5,10
9896604,2019-11,0,19,23,3,15
9909788,2019-10,4,51,26,56,44
9909788,2019-11,29,70,37,70,59
9930463,2019-10,5,48,13,34,32
9930463,2019-11,2,41,13,18,24
9930463,2019-12,1,31,22,9,21
9937463,2019-10,3,32,14,30,25
9937463,2019-11,5,29,7,19,18
9955498,2019-10,3,51,70,45,55
9955498,2019-11,8,49,53,29,43
9971759,2019-10,16,38,54,42,45
9971759,2019-11,13,38,61,38,46
9975355,2019-10,98,257,439,322,339
9975355,2019-11,185,290,334,414,346
9975355,2019-12,157,265,184,264,238
9976192,2019-10,9,28,19,33,27
9976192,2019-11,0,21,11,23,18
9978714,2019-11,6,18,9,5,11
9985628,2019-10,0,25,5,4,11
9985628,2019-11,14,34,4,12,17
9987263,2019-10,0,42,13,24,26
9987263,2019-11,39,68,19,37,42
